{
  "contract": [
    {
      "id": "1",
      "Type": "Statement Of Work",
      "ContractTitle": "Statement Of Work with Beta Inc.-2024-02-15",
      "Counterparty": "Beta Inc.",
      "Date": "2024-02-15",
      "Status": "In Process",
      "Owner": "Jane Smith",
      "Priority": "Medium",
      "CreatedBy": "Smith",
      "CreatedDate": "2024-02-01",
      "ModifiedDate": "2024-02-10",
      "ModifiedBy": "Michelle",
      "Tags": "High-Risk",
      "Contract Value": "$100,000",
      "Upcoming Milestone": "Renewal 10/5/2024",
      "Recent Activity": "New Request"
    },
    {
      "id": "2",
      "Type": "Statement Of Work",
      "ContractTitle": "Statement Of Work with Beta Inc.-2024-02-15",
      "Counterparty": "Beta Inc.",
      "Date": "2024-02-15",
      "Status": "Complete",
      "Owner": "Jane Smith",
      "Priority": "Medium",
      "CreatedBy": "Smith",
      "CreatedDate": "2024-02-01",
      "ModifiedDate": "2024-02-10",
      "ModifiedBy": "Michelle",
      "Tags": "High-Risk",
      "Contract Value": "$100,000",
      "Upcoming Milestone": "Renewal 10/5/2024",
      "Recent Activity": "New Request"
    },
    {
      "id": "3",
      "Type": "Non-Disclosure Agreement",
      "ContractTitle": "Non-Disclosure Agreement with Gamma LLC-2024-03-10",
      "Counterparty": "Gamma LLC",
      "Date": "2024-03-10",
      "Status": "Open",
      "Owner": "Alice Johnson",
      "Priority": "Low",
      "CreatedBy": "John",
      "CreatedDate": "2024-03-01",
      "ModifiedDate": "2024-03-05",
      "ModifiedBy": "Robert",
      "Tags": "High-Value",
      "Contract Value": "$70,000",
      "Upcoming Milestone": "Renewal 5/5/2024",
      "Recent Activity": "Status Update"
    },
    {
      "id": "4",
      "Type": "Sales Agreement",
      "ContractTitle": "sales Agreement with Delta Corp.-2024-04-05",
      "Counterparty": "Delta Corp.",
      "Date": "2024-04-05",
      "Status": "Complete",
      "Owner": "Bob Brown",
      "Priority": "High",
      "CreatedBy": "Steve",
      "CreatedDate": "2024-04-01",
      "ModifiedDate": "2024-04-03",
      "ModifiedBy": "Smith",
      "Tags": "Long-Term",
      "Contract Value": "$2500",
      "Upcoming Milestone": "Audit 7/7/2025",
      "Recent Activity": " Just Renewed"
    },
    {
      "id": "5",
      "Type": "Master Service Agreement",
      "ContractTitle": "Master Service Agreement with Epsilon Ltd.-2024-05-20",
      "Counterparty": "Epsilon Ltd.",
      "Date": "2024-05-20",
      "Status": "Complete",
      "Owner": "Charlie Davis",
      "Priority": "Medium",
      "CreatedBy": "Michelle",
      "CreatedDate": "2024-05-01",
      "ModifiedDate": "2024-05-10",
      "ModifiedBy": "John",
      "Tags": "Long-Term",
      "Contract Value": "$2500",
      "Upcoming Milestone": "Audit 7/7/2025",
      "Recent Activity": " Just Signed"
    },
    {
      "id": "7",
      "Type": "Master Service Agreement",
      "ContractTitle": "Master Service Agreement with Acme Corporation-2024-01-10",
      "Counterparty": "Acme Corporation",
      "Date": "2024-01-10",
      "Status": "Review",
      "Owner": "John Doe",
      "Priority": "Medium",
      "content": "contract PQR",
      "dueDate": "2024-01-27",
      "CreatedBy": "Robert",
      "CreatedDate": "2024-01-01",
      "ModifiedDate": "2024-01-05",
      "ModifiedBy": "Steve",
      "Tags": "Non-standard",
      "Contract Value": "$560,000",
      "Upcoming Milestone": "Renewal 4/5/2024",
      "Recent Activity": "New Issue"
    },
    {
      "id": "8",
      "Type": "Statement Of Work",
      "ContractTitle": "Statement Of Work with Beta Inc.-2024-02-15",
      "Counterparty": "Beta Inc.",
      "Date": "2024-02-15",
      "Status": "Complete",
      "Owner": "Jane Smith",
      "Priority": "Medium",
      "CreatedBy": "Smith",
      "CreatedDate": "2024-02-01",
      "ModifiedDate": "2024-02-10",
      "ModifiedBy": "Michelle",
      "Tags": "High-Risk",
      "Contract Value": "$100,000",
      "Upcoming Milestone": "Renewal 10/5/2024",
      "Recent Activity": "New Request"
    }
  ]
}